timestamp,interaction_id,platform,user_handle,action,original_reply,final_reply
2025-12-01 17:21:37,TWI-0004,Twitter,@CuratorMike395,APPROVE,"Thank you so much for your interest, @CuratorMike395! I’d be happy to talk more about a commission or print options. Could you please send me a message or email with a bit more detail about what you have in mind?","Thank you so much for your interest, @CuratorMike395! I’d be happy to talk more about a commission or print options. Could you please send me a message or email with a bit more detail about what you have in mind?"
2025-12-01 17:29:40,TWI-0011,Twitter,@AbstractAddict288,APPROVE,"Hi @AbstractAddict288, I really appreciate you reaching out. I’d love to learn more about your gallery/collection and see if my work could be a good fit. Feel free to contact me so we can talk more about it.","Hi @AbstractAddict288, I really appreciate you reaching out. I’d love to learn more about your gallery/collection and see if my work could be a good fit. Feel free to contact me so we can talk more about it."
2025-12-01 17:29:49,TWI-0009,Twitter,@PainterFan202,APPROVE,"Hi @PainterFan202, I really appreciate you reaching out. I’d love to learn more about your gallery/collection and see if my work could be a good fit. Feel free to contact me so we can talk more about it.","Hi @PainterFan202, I really appreciate you reaching out. I’d love to learn more about your gallery/collection and see if my work could be a good fit. Feel free to contact me so we can talk more about it."
2025-12-01 17:30:28,INS-0011,Instagram,@PainterFan525,APPROVE,"Thank you so much for your interest, @PainterFan525! I’d be happy to talk more about a commission or print options. Could you please send me a message or email with a bit more detail about what you have in mind?","Thank you so much for your interest, @PainterFan525! I’d be happy to talk more about a commission or print options. Could you please send me a message or email with a bit more detail about what you have in mind?"
2025-12-01 17:30:39,INS-0007,Instagram,@ModernArtFan403,APPROVE,"Hi @ModernArtFan403, I really appreciate you reaching out. I’d love to learn more about your gallery/collection and see if my work could be a good fit. Feel free to contact me so we can talk more about it.","Hi @ModernArtFan403, I really appreciate you reaching out. I’d love to learn more about your gallery/collection and see if my work could be a good fit. Feel free to contact me so we can talk more about it."
2025-12-01 17:31:16,INS-0006,Instagram,@CollectorJane229,APPROVE,"Hi @CollectorJane229, I really appreciate you reaching out. I’d love to learn more about your gallery/collection and see if my work could be a good fit. Feel free to contact me so we can talk more about it.","Hi @CollectorJane229, I really appreciate you reaching out. I’d love to learn more about your gallery/collection and see if my work could be a good fit. Feel free to contact me so we can talk more about it."
2025-12-01 17:31:39,INS-0007,Instagram,@ModernArtFan403,APPROVE,"Hi @ModernArtFan403, I really appreciate you reaching out. I’d love to learn more about your gallery/collection and see if my work could be a good fit. Feel free to contact me so we can talk more about it.","Hi @ModernArtFan403, I really appreciate you reaching out. I’d love to learn more about your gallery/collection and see if my work could be a good fit. Feel free to contact me so we can talk more about it."
2025-12-01 17:31:57,INS-0009,Instagram,@GalleryOwnerTX702,APPROVE,"Thank you so much for your interest, @GalleryOwnerTX702! I’d be happy to talk more about a commission or print options. Could you please send me a message or email with a bit more detail about what you have in mind?","Thank you so much for your interest, @GalleryOwnerTX702! I’d be happy to talk more about a commission or print options. Could you please send me a message or email with a bit more detail about what you have in mind?"
2025-12-01 18:13:31,INS-0002,Instagram,@CollectorJane454,EDIT,"Thank you so much for your interest, @CollectorJane454! I’d be happy to talk more about a commission or print options. Could you please send me a message or email with a bit more detail about what you have in mind?","Thank you so much for your interest, @CollectorJane454! I’d be happy to talk more about a commission option. Could you please send me a message or email with a bit more detail about what you have in mind?"
2025-12-01 18:23:12,TWI-0008,Twitter,@GalleryGazer321,APPROVE,"Hi @GalleryGazer321, I really appreciate you reaching out. I’d love to learn more about your gallery/collection and see if my work could be a good fit. Feel free to contact me so we can talk more about it.","Hi @GalleryGazer321, I really appreciate you reaching out. I’d love to learn more about your gallery/collection and see if my work could be a good fit. Feel free to contact me so we can talk more about it."
2025-12-01 18:37:13,INS-0109,Instagram,@DesignGeek855,REJECT,"Thank you so much, @DesignGeek855! I really appreciate your kind words and support. This piece was inspired by my love for color and texture, so it means a lot that it resonated with you.","Thank you so much, @DesignGeek855! I really appreciate your kind words and support. This piece was inspired by my love for color and texture, so it means a lot that it resonated with you."
2025-12-01 18:40:39,INS-0056,Instagram,@ColorChaser709,REJECT,"Thank you so much, @ColorChaser709! I really appreciate your kind words and support. This piece was inspired by my love for color and texture, so it means a lot that it resonated with you.","Thank you so much, @ColorChaser709! I really appreciate your kind words and support. This piece was inspired by my love for color and texture, so it means a lot that it resonated with you."
2025-12-01 18:42:17,INS-0039,Instagram,@DesignGeek548,REJECT,"Thank you so much, @DesignGeek548! I really appreciate your kind words and support. This piece was inspired by my love for color and texture, so it means a lot that it resonated with you.","Thank you so much, @DesignGeek548! I really appreciate your kind words and support. This piece was inspired by my love for color and texture, so it means a lot that it resonated with you."
2025-12-01 18:48:23,TWI-0010,Twitter,@AbstractAddict294,APPROVE,"Hi @AbstractAddict294, I really appreciate you reaching out. I’d love to learn more about your gallery/collection and see if my work could be a good fit. Feel free to contact me so we can talk more about it.","Hi @AbstractAddict294, I really appreciate you reaching out. I’d love to learn more about your gallery/collection and see if my work could be a good fit. Feel free to contact me so we can talk more about it."
2025-12-01 18:49:29,INS-0003,Instagram,@CuratorMike630,EDIT,"Thank you so much for your interest, @CuratorMike630! I’d be happy to talk more about a commission or print options. Could you please send me a message or email with a bit more detail about what you have in mind?","Thank you so much for your interest, @CuratorMike630! I’d be happy to talk more about print options. Could you please send me a message or email with a bit more detail about what you have in mind?"
2025-12-01 18:49:49,INS-0010,Instagram,@ColorChaser221,APPROVE,"Hi @ColorChaser221, I really appreciate you reaching out. I’d love to learn more about your gallery/collection and see if my work could be a good fit. Feel free to contact me so we can talk more about it.","Hi @ColorChaser221, I really appreciate you reaching out. I’d love to learn more about your gallery/collection and see if my work could be a good fit. Feel free to contact me so we can talk more about it."
2025-12-01 18:50:10,TWI-0005,Twitter,@GalleryGazer305,APPROVE,"Thank you so much for your interest, @GalleryGazer305! I’d be happy to talk more about a commission or print options. Could you please send me a message or email with a bit more detail about what you have in mind?","Thank you so much for your interest, @GalleryGazer305! I’d be happy to talk more about a commission or print options. Could you please send me a message or email with a bit more detail about what you have in mind?"
2025-12-01 18:50:40,INS-0012,Instagram,@ColorChaser740,APPROVE,"Thank you so much for your interest, @ColorChaser740! I’d be happy to talk more about a commission or print options. Could you please send me a message or email with a bit more detail about what you have in mind?","Thank you so much for your interest, @ColorChaser740! I’d be happy to talk more about a commission or print options. Could you please send me a message or email with a bit more detail about what you have in mind?"
2025-12-01 18:51:03,TWI-0006,Twitter,@CuratorMike441,APPROVE,"Hi @CuratorMike441, I really appreciate you reaching out. I’d love to learn more about your gallery/collection and see if my work could be a good fit. Feel free to contact me so we can talk more about it.","Hi @CuratorMike441, I really appreciate you reaching out. I’d love to learn more about your gallery/collection and see if my work could be a good fit. Feel free to contact me so we can talk more about it."
2025-12-01 18:51:45,INS-0002,Instagram,@CollectorJane454,APPROVE,"Thank you so much for your interest, @CollectorJane454! I’d be happy to talk more about a commission or print options. Could you please send me a message or email with a bit more detail about what you have in mind?","Thank you so much for your interest, @CollectorJane454! I’d be happy to talk more about a commission or print options. Could you please send me a message or email with a bit more detail about what you have in mind?"
